{
    "counter": {
        "ACTIVE": 19287,
        "INACTIVE": 1713,
        "INVALID": 0,
        "MALICIOUS": 0,
        "SANE": 0,
        "VALID": 0,
        "total": 21000
    },
    "percentage": {
        "ACTIVE": 91.84285714285714,
        "INACTIVE": 8.16959175887066,
        "INVALID": 0,
        "MALICIOUS": 0,
        "SANE": 0,
        "VALID": 0,
        "total": 100.0124489017278
    }
}