{
    "counter": {
        "ACTIVE": 18930,
        "INACTIVE": 2070,
        "INVALID": 0,
        "MALICIOUS": 0,
        "SANE": 0,
        "VALID": 0,
        "total": 21000
    },
    "percentage": {
        "ACTIVE": 90.14285714285714,
        "INACTIVE": 9.87171538938433,
        "INVALID": 0,
        "MALICIOUS": 0,
        "SANE": 0,
        "VALID": 0,
        "total": 100.01457253224147
    }
}