{
    "counter": {
        "ACTIVE": 19116,
        "INACTIVE": 1884,
        "INVALID": 0,
        "MALICIOUS": 0,
        "SANE": 0,
        "VALID": 0,
        "total": 21000
    },
    "percentage": {
        "ACTIVE": 91.02857142857142,
        "INACTIVE": 8.984691687729505,
        "INVALID": 0,
        "MALICIOUS": 0,
        "SANE": 0,
        "VALID": 0,
        "total": 100.01326311630093
    }
}