{
    "counter": {
        "ACTIVE": 18752,
        "INACTIVE": 2248,
        "INVALID": 0,
        "MALICIOUS": 0,
        "SANE": 0,
        "VALID": 0,
        "total": 21000
    },
    "percentage": {
        "ACTIVE": 89.29523809523809,
        "INACTIVE": 10.704761904761904,
        "INVALID": 0.0,
        "MALICIOUS": 0.0,
        "SANE": 0.0,
        "VALID": 0.0,
        "total": 100.0
    }
}