{
    "counter": {
        "ACTIVE": 17131,
        "INACTIVE": 3869,
        "INVALID": 0,
        "MALICIOUS": 0,
        "SANE": 0,
        "VALID": 0,
        "total": 21000
    },
    "percentage": {
        "ACTIVE": 81.57619047619048,
        "INACTIVE": 18.423809523809524,
        "INVALID": 0.0,
        "MALICIOUS": 0.0,
        "SANE": 0.0,
        "VALID": 0.0,
        "total": 100.0
    }
}