{
    "counter": {
        "ACTIVE": 17178,
        "INACTIVE": 3821,
        "INVALID": 1,
        "MALICIOUS": 0,
        "SANE": 0,
        "VALID": 0,
        "total": 21000
    },
    "percentage": {
        "ACTIVE": 81.8,
        "INACTIVE": 18.19697114010858,
        "INVALID": 0.006904170118751726,
        "MALICIOUS": 0,
        "SANE": 0,
        "VALID": 0,
        "total": 100.00387531022733
    }
}