{
    "counter": {
        "ACTIVE": 18847,
        "INACTIVE": 2153,
        "INVALID": 0,
        "MALICIOUS": 0,
        "SANE": 0,
        "VALID": 0,
        "total": 21000
    },
    "percentage": {
        "ACTIVE": 89.74761904761905,
        "INACTIVE": 10.267537793886213,
        "INVALID": 0,
        "MALICIOUS": 0,
        "SANE": 0,
        "VALID": 0,
        "total": 100.01515684150527
    }
}