{
    "counter": {
        "ACTIVE": 19046,
        "INACTIVE": 1954,
        "INVALID": 0,
        "MALICIOUS": 0,
        "SANE": 0,
        "VALID": 0,
        "total": 21000
    },
    "percentage": {
        "ACTIVE": 90.6952380952381,
        "INACTIVE": 9.318517812008203,
        "INVALID": 0,
        "MALICIOUS": 0,
        "SANE": 0,
        "VALID": 0,
        "total": 100.01375590724629
    }
}