{
    "counter": {
        "ACTIVE": 20042,
        "INACTIVE": 958,
        "INVALID": 0,
        "MALICIOUS": 0,
        "SANE": 0,
        "VALID": 0,
        "total": 21000
    },
    "percentage": {
        "ACTIVE": 95.43809523809524,
        "INACTIVE": 4.573883981857245,
        "INVALID": 0,
        "MALICIOUS": 0,
        "SANE": 0,
        "VALID": 0,
        "total": 100.0119792199525
    }
}