{
    "counter": {
        "ACTIVE": 17281,
        "INACTIVE": 3716,
        "INVALID": 3,
        "MALICIOUS": 0,
        "SANE": 0,
        "VALID": 0,
        "total": 21000
    },
    "percentage": {
        "ACTIVE": 82.29047619047618,
        "INACTIVE": 17.74848354587572,
        "INVALID": 0.015609553046464436,
        "MALICIOUS": 0,
        "SANE": 0,
        "VALID": 0,
        "total": 100.05456928939836
    }
}